[
  {
    "_id": "61a0c9ab906f5bcaec4eb119",
    "index": 0,
    "guid": "da9a85a5-c7c0-4b88-b79e-3737bc4d2b5b",
    "isActive": true,
    "balance": "$1,443.54",
    "picture": "https://i.ibb.co/q9K2GcS/IMG-3999.jpg",
    "age": 25,
    "eyeColor": "blue",
    "name": "Ginger Jennings",
    "gender": "female",
    "company": "TECHMANIA",
    "email": "gingerjennings@techmania.com",
    "phone": "+1 (804) 468-3213",
    "address": "695 Stratford Road, Independence, Wisconsin, 5657",
    "about": "Officia magna id et velit duis Lorem nisi magna labore anim mollit ea aliquip. Ipsum voluptate non deserunt amet consectetur esse sunt fugiat do labore sit do exercitation.\r\n",
    "registered": "2021-04-04T05:42:06 -06:00"
  },
  {
    "_id": "61a0c9abaec0fddab68c9a72",
    "index": 1,
    "guid": "9395d8d7-bda5-4f08-a5aa-a606492de448",
    "isActive": false,
    "balance": "$2,584.20",
    "picture": "https://i.ibb.co/LStCFvM/IMG-3997.jpg",
    "age": 22,
    "eyeColor": "green",
    "name": "Gina Murphy",
    "gender": "female",
    "company": "PEARLESEX",
    "email": "ginamurphy@pearlesex.com",
    "phone": "+1 (945) 518-3026",
    "address": "574 Hall Street, Matheny, Colorado, 5661",
    "about": "Occaecat dolor nostrud nisi proident ea non mollit anim magna in enim commodo adipisicing dolore. Officia officia aute occaecat laboris proident aute elit anim est sint nulla. .\r\n",
    "registered": "2017-08-10T10:44:33 -06:00"
  },
  {
    "_id": "61a0c9abaec0fddab68c9a52",
    "index": 1,
    "guid": "9395d8d7-bda5-4f08-a5aa-a606492de449",
    "isActive": false,
    "balance": "$2,584.20",
    "picture": "https://i.ibb.co/Gvk1780/IMG-4001.jpg",
    "age": 22,
    "eyeColor": "green",
    "name": "Gina Murphy",
    "gender": "female",
    "company": "PEARLESEX",
    "email": "ginamurphy@pearlesex.com",
    "phone": "+1 (945) 518-3026",
    "address": "574 Hall Street, Matheny, Colorado, 5661",
    "about": "Occaecat dolor nostrud nisi proident ea non mollit anim magna in enim commodo adipisicing dolore. Officia officia aute occaecat laboris proident aute elit anim est sint nulla. \r\n",
    "registered": "2017-08-10T10:44:33 -06:00"

  }
]
