[
  {
    "_id": "61992ade0f364abce1028ea8",
    "index": 0,
    "guid": "5cb74550-0d09-4881-8a48-38a7f7be9ae7",
    "isActive": false,
    "balance": "$2,987.26",
    "picture": "https://fiverr-res.cloudinary.com/t_profile_original,q_auto,f_auto/attachments/profile/photo/51feff21c684e7b14ed64185f940970d-1616608816007/9c0e2e9f-0708-4ae8-98fa-848c1708aad4.png",
    "age": 34,
    "eyeColor": "blue",
    "name": "Maura Wolfe",
    "gender": "female",
    "company": "RONBERT",
    "email": "maurawolfe@ronbert.com",
    "phone": "+1 (820) 600-2350",
    "address": "801 Colby Court, Lisco, Palau, 998",
    "about": "Fugiat cupidatat aute sunt tempor consequat eiusmod consectetur. Aliqua incididunt incididunt eu labore sint aliquip id consequat veniam. Est sint dolore in nisi duis deserunt occaecat incididunt labore. Exercitation tempor ipsum qui officia ex dolor cupidatat ea elit pariatur veniam. \r\n",
    "registered": "2018-06-30T01:52:35 -06:00",
    "latitude": -26.430246,
    "longitude": 154.615109
  },
  {
    "_id": "61992adeee43d98c4c4fdc5b",
    "index": 1,
    "guid": "1315922c-4424-4853-b1ef-f51c56e48ae9",
    "isActive": true,
    "balance": "$1,492.63",
    "picture": "https://fiverr-res.cloudinary.com/t_profile_original,q_auto,f_auto/attachments/profile/photo/51feff21c684e7b14ed64185f940970d-1616608816007/9c0e2e9f-0708-4ae8-98fa-848c1708aad4.png",
    "age": 23,
    "eyeColor": "blue",
    "name": "Dianna Oneil",
    "gender": "female",
    "company": "CANOPOLY",
    "email": "diannaoneil@canopoly.com",
    "phone": "+1 (963) 429-2435",
    "address": "370 Manhattan Court, Leola, Massachusetts, 9176",
    "about": "Non ipsum fugiat irure adipisicing tempor nulla magna elit aute. Incididunt magna incididunt commodo in proident dolore. Eiusmod sit aliquip do amet ipsum.\r\n",
    "registered": "2021-03-01T06:34:12 -06:00",
    "latitude": 56.737846,
    "longitude": 88.232511
  },
  {
    "_id": "61992ade5b644abaa6573d6d",
    "index": 2,
    "guid": "178e7ebc-26eb-4ac4-b3ac-9bad85566b4e",
    "isActive": true,
    "balance": "$1,037.34",
    "picture": "https://i.ibb.co/0tdWpVj/IMG-3994.jpg",
    "age": 22,
    "eyeColor": "brown",
    "name": "Stanton Castro",
    "gender": "male",
    "company": "ACRODANCE",
    "email": "stantoncastro@acrodance.com",
    "phone": "+1 (847) 464-3949",
    "address": "889 Cambridge Place, Canby, Ohio, 1223",
    "about": "Cillum esse sit ad ullamco nisi sint sint consectetur adipisicing nisi mollit enim est. Ea aliquip labore Lorem nisi pariatur ullamco deserunt quis veniam eiusmod id.\r\n",
    "registered": "2019-09-18T12:11:12 -06:00",
    "latitude": -57.538211,
    "longitude": -143.573605
  }
]