[
    {
        "_id": "61a0c9ab906f5bcaec4eb119",
        "index": 0,
        "guid": "da9a85a5-c7c0-4b88-b79e-3737bc4d2b5b",
        "isActive": true,
        "balance": "$1,443.54",
        "picture": "https://i.ibb.co/ngpsC8q/hrdAdmin.png",
        "age": 25,
        "eyeColor": "blue",
        "name": "Ginger Jennings",
        "gender": "female",
        "company": "TECHMANIA",
        "email": "gingerjennings@techmania.com",
        "phone": "+1 (804) 468-3213",
        "address": "695 Stratford Road, Independence, Wisconsin, 5657",
        "about": "Officia magna id et velit duis Lorem nisi magna labore anim mollit ea aliquip. \r\n",
        "registered": "2021-04-04T05:42:06 -06:00",
        "latitude": 64.031929,
        "longitude": 87.488747,
        "tags": [
            "incididunt",
            "officia",
            "ea",
            "enim",
            "aliquip",
            "duis",
            "elit"
        ]
    },
    {
        "_id": "61a0c9ab906f5bcaec4eb119",
        "index": 0,
        "guid": "da9a85a5-c7c0-4b88-b79e-3737bc4d2b5b",
        "isActive": true,
        "balance": "$1,443.54",
        "picture": "https://i.ibb.co/gMYkknR/hrd-Compliance.png",
        "age": 25,
        "eyeColor": "blue",
        "name": "Ginger Jennings",
        "gender": "female",
        "company": "TECHMANIA",
        "email": "gingerjennings@techmania.com",
        "phone": "+1 (804) 468-3213",
        "address": "695 Stratford Road, Independence, Wisconsin, 5657",
        "about": "Officia magna id et velit duis Lorem nisi magna labore anim mollit ea aliquip. Ipsum voluptate non deserunt amet consectetur esse sunt fugiat do labore sit do exercitation.\r\n",
        "registered": "2021-04-04T05:42:06 -06:00",
        "latitude": 64.031929,
        "longitude": 87.488747,
        "tags": [
            "incididunt",
            "officia",
            "ea",
            "enim",
            "aliquip",
            "duis",
            "elit"
        ]   
    }
    
   
]