[
  {
    "_id": "61992ade0s364abc21028ea8",
    "index": 0,
    "guid": "5cb74550-0d09-4881-8a48-38a7f7be9ae7",
    "isActive": false,
    "balance": "$2,987.26",
    "picture": "https://i.ibb.co/Gvk1780/IMG-4001.jpg",
    "age": 34,
    "eyeColor": "blue",
    "name": "Maura Wolfe",
    "gender": "female",
    "company": "RONBERT",
    "email": "maurawolfe@ronbert.com",
    "phone": "+1 (820) 600-2350",
    "address": "801 Colby Court, Lisco, Palau, 998",
    "about": "Fugiat cupidatat aute sunt tempor consequat eiusmod consectetur. Aliqua incididunt incididunt eu labore sint aliquip id consequat veniam. Est sint dolore in nisi duis deserunt occaecat incididunt labore.  \r\n",
    "registered": "2018-06-30T01:52:35 -06:00",
    "latitude": -26.430246,
    "longitude": 154.615109
  },
  {
    "_id": "61992adeee43d98cac7fdc5b",
    "index": 1,
    "guid": "1315922c-4424-4853-b1ef-f51c56e48ae9",
    "isActive": true,
    "balance": "$1,492.63",
    "picture": "https://i.ibb.co/q9K2GcS/IMG-3999.jpg",
    "age": 23,
    "eyeColor": "blue",
    "name": "Dianna Oneil",
    "gender": "female",
    "company": "CANOPOLY",
    "email": "diannaoneil@canopoly.com",
    "phone": "+1 (963) 429-2435",
    "address": "370 Manhattan Court, Leola, Massachusetts, 9176",
    "about": "Non ipsum fugiat irure adipisicing tempor nulla magna elit aute. Incididunt magna incididunt commodo in proident dolore.. \r\n",
    "registered": "2021-03-01T06:34:12 -06:00",
    "latitude": 56.737846,
    "longitude": 88.232511
  }
]